n_solute,E_seg (eV),dE_forward (eV),dE_reverse (eV)
1,-0.9471432442023797,0.9427660708533958,0.1437275940115805
2,-0.8040613288476379,1.3834916285995875,0.1430727187580505
3,-0.8697882564856627,1.3550249551080924,0.1653537822203361
4,-1.0376779765374522,1.3942623806397023,0.2647813746589236
5,-1.1652844511381772,1.2466877719270997,0.175395324047713
6,-1.279940585199256,1.0616566584467364,0.0722978792982758
1,-1.6427650697023637,1.127666893076821,1.449832665413851
2,-1.8055072842480513,1.127930114107583,1.3045410753693414
3,-1.9761656819873679,1.3004642710475318,1.7108595691024684
4,-2.215077678536545,1.261436385444541,1.8024286640211369
5,-2.4054766730378105,0.9890571553914912,1.6422078154864708
6,-2.5301951113988252,1.1860540828645298,1.8577213677206144
1,-0.7070927009026491,1.70417901354449,0.5974405990891682
2,-0.8221413621477041,2.2415819465823077,0.8288618615806698
3,-0.790675194585674,2.186898891490273,0.7812525019253371
4,-0.8170629749347427,2.1809431173678604,0.7632291505397006
5,-0.701426716838796,2.4641739417711506,0.9735932829025842
6,-1.04178172650154,2.5113620707598017,1.4115428169934745
1,-0.9475305380019563,1.0935681554074108,1.1912775959281134
2,-0.8042296351495679,0.4159789840092758,0.4863803761296781
3,-0.8698759884873652,0.3231070847980206,0.4663083643101615
4,-1.0375359468362149,1.5465543158170476,1.8885023850307336
5,-1.1654000112403082,0.6461883011070313,1.0321935565043532
6,-1.2804236199017396,0.636079513374554,1.1080218422843444
1,-1.6428706451024482,1.1672577919161995,1.489498365059262
2,-1.8055394313496436,1.126789172383722,1.303421960325066
3,-1.9762754490848238,1.299745141324821,1.710023467017892
4,-2.2148510532369983,1.2609469776471087,1.8019904038810637
5,-2.353715115536943,0.8376553312879302,1.4556965463449494
6,-2.52973234629917,1.7497456581496778,2.420984092221389
1,-0.7071636347009189,1.7031114746969251,0.5962271219759714
2,-0.8222529689492148,2.2419321551278664,0.8292236860324884
3,-0.7904005503851295,2.1863024133926885,0.7801300118298897
4,-0.8168656568359438,2.179420768403368,0.7615155014500559
5,-0.7031225501386871,2.466217773398959,0.980394154183152
6,-1.0414052378991983,2.51038555322161,1.4096030503460923
3,-0.8700741725851913,0.2863217601443468,0.5973016986390578
4,-1.0377717483370361,0.247467390745441,0.5902412960822396
5,-1.1652024301374695,0.2978601125505519,0.6839719662311835
6,-1.2802803327986112,0.3213620471287866,0.7929859432515511
1,-1.6427999889001512,1.1670868836808952,1.4892691965578708
2,-1.8055702694482534,1.1270361758251966,1.3036448197490245
3,-1.9760878579882046,1.2997518135744026,1.7102151400067664
4,-2.21435797583581,1.2606330892413098,1.8013318397206604
5,-2.4057519257376043,1.5009945638776134,2.1542725156869
6,-2.5295577943988974,1.7558886123557116,2.427098139742675
1,-0.7071342105027725,1.703431150173854,0.5965948824559728
2,-0.8217634870497932,2.2407540940912476,0.8272538219098386
3,-0.7903830426848799,2.1863167934134218,0.780308741039331
4,-0.8168771476357506,2.179716123933755,0.7620736607386753
5,-0.7013622587373902,2.4637107591443126,0.973350705804485
6,-1.0419623390998822,2.510905546761933,1.4106438540948147
3,-0.8701319242873069,0.3117117488291115,0.4550448835580028
4,-1.0376102021346014,0.2470840824571503,0.5893370356025123
5,-1.1656202623389618,0.2985201020565,0.6844529586014687
6,-1.2802844209991235,0.3210923032711434,0.7926578799888375
1,-1.6429281445034576,1.127455600682877,1.4497044626987172
2,-1.8055553568492542,1.12781818131407,1.3044316119267032
3,-1.976099347987656,1.3002184416400282,1.710699885963551
4,-2.214319321037692,1.2607346083677848,1.8013656244147578
5,-2.354121253037192,1.0586453442095407,1.6768948567817603
6,-2.5295303052016607,1.1882236054902648,1.8593579459288492
1,-0.7070301516014297,1.7026290240137314,0.5955721642058052
2,-0.8221740900489749,2.241540805498518,0.8287897577611165
3,-0.7904649785859874,2.186579160337711,0.7807360025544732
4,-0.8169896184354002,2.17972375268073,0.7622475653042784
5,-0.7020662575387178,2.4637353391372017,0.9762158875892056
6,-1.0418604330998278,2.5110432011861263,1.411439701325449
3,-0.8697915162856589,0.286369820260006,0.5971426553405761
4,-1.0374207283366559,0.2479501711313794,0.590333906915476
5,-1.1655538939385224,0.2988469607880687,0.6847345616079109
6,-1.280214775798413,0.321485217726149,0.7932284859016362
1,-1.642673246902632,1.1685602167344766,1.4904566657824032
2,-1.8054973511470962,1.128208454931154,1.3046874209685475
3,-1.9759492681851043,1.3006004696326277,1.7109899655733902
4,-2.214995942535097,1.2610945055348566,1.8021266173345791
5,-2.353951765239799,1.053569840123037,1.6717176373834994
6,-2.5298580405988105,1.188037565462139,1.8594639590522208
1,-0.7070551778033405,1.7032894840667714,0.5967347567857351
2,-0.8222061803471661,2.2411996602750133,0.8282345336192503
3,-0.7907753666850112,2.1869421304436365,0.7816929125474381
4,-0.8171895520372345,2.1797644778562315,0.7622720651852504
5,-0.701439367338935,2.4633617881809045,0.9730859623523288
6,-1.0415153584008294,2.510537158970706,1.4101002051247775
3,-0.86994333718485,0.3110668790977797,0.4541035403126442
4,-1.0376897987353004,0.2473977956215103,0.5897008978172389
5,-1.165515201640119,0.2986743533219852,0.6846038961775777
6,-1.2801597268999103,0.3213828938824007,0.792775715868629
1,-1.6430040704017301,0.2372648669443149,0.8386385890407835
2,-1.8056070222492053,0.3295576287346191,1.0695816084116812
3,-1.976251931585466,0.3463140267085689,1.0133752221372558
4,-2.2148621161377378,0.245701911582728,1.0565018635570596
5,-2.404892800340349,0.1903593077659026,1.1223505051057143
6,-2.5298367145996963,0.1514590621409297,1.2570567992188444
1,-0.9475940812026238,0.942351019442868,0.143741675728962
2,-0.8042847648475799,1.383492133380062,0.1433834881354441
3,-0.869976149687318,1.355138387414625,0.1657434132139297
4,-1.0375386557370803,1.3979422534801254,0.2683297621449876
5,-1.1656380487374918,1.2465884213124827,0.1760135986296536
6,-1.280314681001073,1.0611505551132725,0.0722347076552978
1,-1.6430110660021455,1.127640572423844,1.449759288316273
2,-1.80557095425047,1.1279604094161186,1.304524012026377
3,-1.9763828165860104,1.3004423342026707,1.710910795449308
4,-2.2145566067356413,1.260580409110844,1.8015065130457515
5,-2.35428624533688,1.0697923571506829,1.6879609223588623
6,-2.530082303398558,1.1870809647198255,1.8585482793214396
1,-0.7071038628000679,1.703033840385615,0.5962260179439909
2,-0.8215091679494435,2.2403379933493888,0.8263743324023416
3,-0.7906257657859896,2.1868089091294713,0.7812633875619248
4,-0.8167057545342686,2.179452550109996,0.7611020347903796
5,-0.7019923164380089,2.463108473843022,0.9750140028481836
6,-1.0420911638984762,2.511050826578881,1.411506605356422
1,-1.6428444859029696,0.8765118842020455,1.5767335076416202
2,-1.805494670549706,0.878872497654811,1.4262612247111974
3,-1.976049315585442,1.1537428733245176,1.9809679152967872
4,-2.214887080137487,1.2596951575033015,2.1863380328722997
5,-2.3534175007380327,1.1719411949925416,2.173360189419327
6,-2.5297062086983715,1.3086604010386471,2.4749392485791724
1,-0.7070753770003648,1.7032989433100738,0.5962224965405767
2,-0.8219020711485427,2.241332583453188,0.8282021700943023
3,-0.7906933700878653,2.1867343613521335,0.7807303371810086
4,-0.8167021392346214,2.1756650343595574,0.7573134841695754
5,-0.7016948729369687,2.4635928991738183,0.9749117764404218
6,-1.0422194165012115,2.5118852711348296,1.4129015580620177
1,-0.9474251772026037,1.093369446229188,1.191373539335471
2,-0.8042826442479054,0.4279284543743912,0.4990954028843176
3,-0.8699610201847463,0.3252807975810226,0.4685891943923577
4,-1.0376772476356564,1.5466227637007233,1.8893656330037611
5,-1.1657150051369172,0.6461080463595934,1.0325829535831943
6,-1.2802527727008055,0.6380689185400428,1.1096861993403166
1,-1.6428998486026103,1.1684364617685787,1.4905342948623002
2,-1.8055582909482837,1.1281543905133722,1.3046075639176695
3,-1.9764828164852588,1.3005941150368,1.7110778084534086
4,-2.2144084462361207,1.2605080080429625,1.8013445032484023
5,-2.404947095438729,0.990553920208184,1.6433182939326785
6,-2.5299645130007775,1.188752228267134,1.860042079228464
1,-0.7072332427032961,1.7019833647609648,0.5958317121694581
2,-0.8222180994498558,2.241608015687234,0.8288889942450623
3,-0.7905934840864575,2.1867852158138703,0.7809987848850142
4,-0.816899007635584,2.179530107525352,0.761547625719686
5,-0.701931973039791,2.462949735810973,0.9744760609428268
6,-1.0420226422002088,2.511032660611818,1.4109472247109809
1,-1.6430557323019457,0.8757431428130076,1.5763604667008622
2,-1.8056063805497615,0.8784076166593877,1.4259418906949577
3,-1.9759877021870125,1.1533867208345323,1.98081894023926
4,-2.2149579298366007,1.0761913822680065,2.0445050942580556
5,-2.4051733215392233,1.0623982639335736,2.1519974743932835
6,-2.529486980199181,1.2251502266444736,2.444545413174638
1,-0.7072285555022972,1.7021323186381778,0.5964897566300351
2,-0.8216221232478347,2.2406747118729946,0.8269980228142195
3,-0.7903596519872735,2.1863875909220845,0.7801837559454619
4,-0.8170175837349234,2.1794358591760066,0.7613072849271667
5,-0.7010142887384063,2.462158794485724,0.972000350593582
6,-1.0421381329988435,2.5111531205002393,1.411579774085112
3,-0.8699023840863447,0.2860106599218851,0.596857276814262
4,-1.0376643139370572,0.2473064448167863,0.5897701759204212
5,-1.165603901536997,0.2987530504688036,0.6846516101795712
6,-1.2800587893007105,0.3212582629312234,0.7926415610490947
1,-1.642972975902012,1.12641678166983,1.4485936435194144
2,-1.8055142986495412,1.1266186281318369,1.3032780044268293
3,-1.9765446270876055,1.2998596629950034,1.7103709103503195
4,-2.214339674437724,1.2604595154662084,1.801328907211427
5,-2.405603876938585,1.5010230954249009,2.154266381556229
6,-2.5292375489016194,1.766419723129971,2.43728773367026
1,-0.7070223160026217,1.702080539405869,0.5960697139198592
2,-0.822275602150512,2.2418033007343183,0.8290833878818376
3,-0.7907326335853213,2.1871098343799567,0.7817283274889668
4,-0.8167601784352883,2.1802516829920933,0.7623454009335546
5,-0.7015613724370269,2.4632632662251055,0.9741506469872476
6,-1.0421764485990934,2.5119103919278416,1.412884602294099
1,-0.9474997055021959,1.0938455364012052,1.1918827147346756
2,-0.8040048161501545,0.4278242178561523,0.4989204471649028
3,-0.8696564692882021,0.3246945971739734,0.4677491669798002
4,-1.0377748167356913,1.5470754094130843,1.8900953906377271
5,-1.1658460582375483,1.329713274989072,1.696124567947291
6,-1.279904746000284,0.6517550296505519,1.1233931810768567
1,-1.6426365230017836,1.12745343415736,1.4495850945932034
2,-1.8056090725485774,1.1279872279337724,1.3044873602812004
3,-1.97632106088804,1.300479219902626,1.7109799752033714
4,-2.214314425635166,1.260420888022053,1.8011928423802592
5,-2.405412333840104,0.990902197307149,1.644018818511539
6,-2.5301770355008557,1.1862978802713826,1.8578638523944448
1,-0.7070128004033904,1.7024384806572923,0.5954319132688397
2,-0.8219562497479274,2.2409879358529032,0.8277268455422053
3,-0.7905526909862601,2.1866449414010276,0.7808712625956105
4,-0.8166604900343373,2.179444929854075,0.7610316237951373
5,-0.7018649050378372,2.462959969721844,0.9746600739344942
6,-1.041946409598495,2.5112677544893813,1.411694382164569
3,-0.8698822316882797,0.2862168677784208,0.5973000561461955
4,-1.0377272342357173,0.2483441905897045,0.59075592676163
5,-1.1656674383384598,0.2990709547666484,0.6849925517599331
6,-1.280086572399341,0.3216740431962536,0.7932017610364711
1,-1.6428280054005882,1.1683166187031029,1.4903762772992202
2,-1.8055868219498734,1.1279555614273686,1.3045626695056836
3,-1.9763452191882607,1.3004372606301329,1.710927948064636
4,-2.215089424234975,1.2611775545447,1.8021867440802437
5,-2.404550538239164,0.988459599364432,1.6409308813417731
6,-2.5299810391998108,1.1862103254885312,1.8576482401063856
1,-0.7069066529020347,1.7039905027959312,0.597179784148465
2,-0.8221571720505381,2.2411912967145344,0.8282744094103709
3,-0.7906763108849191,2.1869442900970135,0.7812724281102383
4,-0.8169247329369682,2.179530906360011,0.7616145496140199
5,-0.7017308993390543,2.463760743266896,0.97370688026421
6,-1.042181182198874,2.511146977180033,1.4114392856536142
3,-0.8698521336855265,0.3110049347887976,0.45386486807547
4,-1.0376067771376256,0.2471986462223867,0.589541315126553
5,-1.1654398023392787,0.2981380204037124,0.6837972167304543
6,-1.2802057415983654,0.3211150314491535,0.7926275488644026
1,-1.6430598360002477,1.1682705474959223,1.4904323688897425
2,-1.8056444159492457,1.1279894936633346,1.304412335583037
3,-1.9764402773880647,1.3004959002464598,1.7109832776768594
4,-2.2150471397344518,1.2613903201418015,1.8024312451671012
5,-2.3542878773378106,1.0722219986275991,1.6904957038134558
6,-2.5297818303015447,1.1898011480377877,1.861125677333604
1,-0.7070944797033007,1.7036881241729134,0.5969265687272127
2,-0.8213133177496275,2.240116660475902,0.825501448787687
3,-0.7906743395878948,2.18704489010997,0.7814226934060535
4,-0.8166970258371293,2.175784437324179,0.7577693858474923
5,-0.7012783690379365,2.463933482191337,0.9731331026559786
6,-1.0418438776005132,2.5113005252533327,1.4116216299917284
1,-0.9474605587001861,1.3763869568501814,1.8152535642475396
2,-0.8041901944498022,0.4228772528116467,0.4938656460984719
3,-0.8700439384856509,0.3246019377685738,0.46830028146648
4,-1.037744340936115,1.5469361259347316,1.889557416976455
5,-1.1656571367393553,0.6459773618880718,1.032382936889917
6,-1.2802557153017915,0.6342567064158828,1.1058742930210173
1,-1.6429242591020738,1.167225606743159,1.4893177481135351
2,-1.8055894715480463,1.1267976279086716,1.303463829572137
3,-1.975983500885377,1.2993265945551684,1.7096520552877337
4,-2.214378700535235,1.2604152381245497,1.8011785333292192
5,-2.4050806682398616,1.5003383786352045,2.153095302906875
6,-2.5300502754989793,1.7452710422110584,2.416702770838853
1,-0.9474696729030256,0.9425797376607066,0.1437295864307075
2,-0.8041608444482335,1.3835791802339363,0.1432864403468547
3,-0.869870356186766,1.3556451000040433,0.1658183314211818
4,-1.0375172043368366,1.400408977618861,0.2707861507604665
5,-1.16559868083732,1.2460577396414043,0.1753407466130774
6,-1.2800762872984706,1.0613486126094358,0.0721931983607646
1,-1.6428275486014172,1.166351630421559,1.488744963255158
2,-1.8053766434504723,1.126707246206932,1.3028855910924886
3,-1.9762695566869297,1.2995729229587587,1.7099536830937714
4,-2.2141764912357758,1.2603262022275876,1.8009657370384948
5,-2.405664499937302,1.5010025683804995,2.154324631606869
6,-2.5300498678998338,1.747689999259585,2.4191646637025244
1,-0.7070762772000307,1.7036993805340916,0.5968836624524574
2,-0.8221296802485085,2.2414583408899436,0.8285272665962058
3,-0.7909388671878332,2.1867540928542475,0.7814723871342757
4,-0.817156806735511,2.1797414668690145,0.7618663341600005
5,-0.7021800321390401,2.4638921096811828,0.9760831851235708
6,-1.0419789041998229,2.5108696967545256,1.410142667748005
1,-1.6428316419023758,0.2894293583194671,1.3283619543763057
2,-1.8055783709505704,0.3311796834568676,1.2435601738361592
3,-1.97617733048628,0.3021814917519814,1.157680102791347
4,-2.2148643270356843,0.2896431294248023,1.271268904547468
5,-2.4057187451371647,0.4806290702363185,1.582557838097273
6,-2.5297399784003574,0.5332792061126392,1.7355128192393758
1,-0.7073167269027181,1.702782608103008,0.5967692408557932
2,-0.8219570445480713,2.241519000424887,0.8283672017896606
3,-0.790620562184813,2.1867806269401626,0.7811550707592687
4,-0.8165829274348653,2.175380255124768,0.7568665954786447
5,-0.7020517104401733,2.464434337874984,0.9771487291945888
6,-1.041930564501854,2.5111806126405725,1.4109506128333749
1,-0.9475571738021245,1.3760768165193475,1.8152504416248156
2,-0.8039828081500673,0.4263790059257383,0.4972530644289885
3,-0.870052143986868,0.297765704784882,0.6084464627200701
4,-1.0374544477363088,0.3046815287561912,0.6469004701175436
5,-1.1655633893396953,0.6460772001046386,1.032784512321097
6,-1.2803562437993605,0.6384610010163314,1.1103432371991957
1,-1.6430442417022277,1.168438267966849,1.4906513279602225
2,-1.805476702848864,1.128031641503184,1.3044707844783252
3,-1.9761062092848078,1.3007318493146158,1.7109311843050818
4,-2.2140959364351147,1.2601097426595516,1.800900361602544
5,-2.404870769137233,0.991013913051574,1.643580877102067
6,-2.5299501341005453,1.1878044857372745,1.8592970522228145
1,-0.9474765427021339,0.94231261105233,0.143616322260641
2,-0.8042738914491565,1.3832316587213462,0.1430849778844312
3,-0.8696993439853031,1.355211126323411,0.1654507985294913
4,-1.0374974873357132,1.3956769552977248,0.2660320944567984
5,-1.165477646839463,1.246316181783186,0.1754926020767016
6,-1.2802618208015701,1.06096814338649,0.0722102192752212
1,-1.642832060400906,0.2374853385990718,0.8388447422767058
2,-1.8055987203488257,0.3292787203135959,1.0696548046653334
3,-1.976203418184923,0.3462552009150386,1.013452356804919
4,-2.214477949635693,0.2454980122638517,1.0565557841437112
5,-2.3542203551378407,0.2188406629356909,1.1116914922495202
6,-2.5301358984988838,0.1509895011768094,1.2570391853842011
1,-0.7070589034028671,1.704145870415231,0.597331792338081
2,-0.8222587977479634,2.241817944202923,0.8290740211596148
3,-0.7907536110878937,2.186920124739125,0.7814403107622709
4,-0.816736365437464,2.1758908352349025,0.7578767352097273
5,-0.7022635969378825,2.4641535124464866,0.9766312928295378
6,-1.0413292216007903,2.5108561988126894,1.4100194322090829
1,-0.9475833749002049,1.0932248175413424,1.191191111691298
2,-0.8042034180480186,0.4229990873037817,0.4939456166877274
3,-0.8698392647866058,0.3226425069352823,0.4654752488078353
4,-1.0378927657347958,1.5455204200916324,1.8883133971394257
5,-1.1657097163379149,0.6458213392215804,1.03231068120294
6,-1.2802071908017751,0.6389958648752199,1.1104272793846448
1,-1.6430048310012353,0.2374150176219698,0.8388155203538188
2,-1.8056681087482502,0.3294905934162668,1.0697700838863964
3,-1.9763528405865145,0.3463711309559587,1.0135059061867653
4,-2.2142309331375145,0.2455782510478459,1.0561277893757508
5,-2.4049050902403906,0.190124338176247,1.122188353623642
6,-2.5300659963004364,0.1512474275987188,1.257176137780334
1,-0.9475158946024749,0.942338129560084,0.1437288394736233
2,-0.8043366789506763,1.3832344954389546,0.143396586405287
3,-0.8700755755862701,1.3549935426199229,0.165883266738092
4,-1.0377393450344243,1.392561578992897,0.263177341149273
5,-1.165634562436935,1.246335734864264,0.1755987962060352
6,-1.280425488698711,1.0609641024935068,0.0721467095650392
1,-1.6429380042009143,1.167249954454746,1.4893858731811631
2,-1.8056032849499388,1.1268504467479952,1.3035071281265127
3,-1.9763242818853541,1.299711518051481,1.7100591926391644
4,-2.2144561070363125,1.2604561404514234,1.8012374238460316
5,-2.405086461837527,1.500442764543548,2.153137288118158
6,-2.5296236902986493,1.75196591068719,2.4231161297864077
1,-0.7071220198031369,1.7033095639708336,0.5963992141732888
2,-0.8218954634476177,2.2411884110624687,0.828094854190569
3,-0.790385505985796,2.186303949398273,0.7801528109375724
4,-0.816867782135887,2.179592336295173,0.7616673707088921
5,-0.7019911911384042,2.463213848659514,0.9749807858243074
6,-1.0408793879005316,2.5099446387030184,1.408229272990866
3,-0.8701178645869732,0.3118068444455276,0.4550306025048485
4,-1.0373406041344424,0.2470401688806305,0.5892412562643585
5,-1.1656452458382773,0.2986391534250289,0.6844478031198379
6,-1.2799682804006807,0.3211239912234309,0.7922932517212762
1,-1.6425997918031499,1.1663573426085347,1.4884644352969187
2,-1.805414676350665,1.126502178638475,1.302864667155518
3,-1.9764262571852669,1.2995114701516286,1.7099502157179811
4,-2.2149887722353014,1.261390300584024,1.8023597481442248
5,-2.4055003575385854,1.5008399371472478,2.1540104794148647
6,-2.5299975003008512,1.7451557542327691,2.416584859521322
1,-0.7068633315011539,1.7038633505944745,0.5970410298832576
2,-0.8221785691503101,2.2408810367378464,0.8277819107315736
3,-0.7908675095868603,2.18715370428254,0.7817856205110765
4,-0.8167697096341726,2.179487287896336,0.7612979430159612
5,-0.702247054138752,2.463916198747036,0.9762415902259888
6,-1.0418959936005194,2.511058334672285,1.410844626123449
3,-0.8699883625859002,0.2854256430182428,0.5961433938173283
4,-1.0375820893368655,0.2466868930896453,0.5888473758968757
5,-1.1649930182402386,0.297133801068412,0.6827845002626416
6,-1.2799314039011733,0.3206849068628798,0.7915750054562523
1,-1.6427240564025851,1.1271214053849716,1.449459189567281
2,-1.8056273860502188,1.1278482751658905,1.3042144641440263
3,-1.9764452576864642,1.3005420850749938,1.7110182361284385
4,-2.214875774736356,1.2610452503977276,1.8020848292107976
5,-2.3541044146377317,1.0585067504786383,1.6768584115767695
6,-2.5300866203988335,1.185684289334603,1.8571033099785552
1,-0.9475843485033693,0.942333008395507,0.1436864050883732
2,-0.8041466675504125,1.3834928628748462,0.1430309820316329
3,-0.8700757251872346,1.3552946877025551,0.1659048434739833
4,-1.0375600217357714,1.396216329121919,0.2665443384614923
5,-1.1657783070377263,1.246574050932388,0.1760433146082434
6,-1.2800594289010405,1.061417550772604,0.0722354277531858
1,-1.6428196832002868,1.1277685034146998,1.4499443206223075
2,-1.8055302031471,1.1282021402439568,1.304626703447866
3,-1.9764497072874292,1.3005346069039656,1.7110512628241843
4,-2.215056791135794,1.261456583699326,1.802514753348076
5,-2.3541731934392374,1.06153549401503,1.6797363375466974
6,-2.529893764000917,1.1879420755434182,1.859408930151716
1,-0.7069528407027974,1.7042782470816729,0.5975588732362649
2,-0.8222680636472433,2.241842714702223,0.8293626806662431
3,-0.7908784793880841,2.1869114011824493,0.7815455557465683
4,-0.8171530558374798,2.180590937638044,0.7629576128383633
5,-0.7022515961371028,2.4645295027730825,0.9769018781735284
6,-1.0419571282009201,2.5111386786957013,1.4109588663704784
1,-1.6428497370015975,0.8752081610073221,1.5750458030997836
2,-1.8056067890474878,0.8780637871532234,1.4252157792579965
3,-1.976020442686604,1.1516207885943,1.97873424311183
4,-2.21483763393735,1.2612613911696808,2.1879110490808653
5,-2.4049556409381694,1.3935994693820248,2.379288880216336
6,-2.5295821519002857,1.3092145070877432,2.4755207948037405
1,-0.7072861358010414,1.7037046244986431,0.5979431143787242
2,-0.822229394650094,2.24188506006249,0.8294077841856087
3,-0.7907860011882804,2.1865094617678587,0.7807853322192422
4,-0.8169582205355255,2.180473288965004,0.762557966671011
5,-0.7015474882400667,2.46334577238666,0.9739124529441908
6,-1.0420319837985517,2.511502422428734,1.411793201579698
1,-0.9475197582014516,1.3766630498430406,1.815411680305255
2,-0.804160135249731,0.4200499905394203,0.4907819333796319
3,-0.8698664703852046,0.3070712219969761,0.617485054005611
4,-1.0377116514373483,1.5461104692658427,1.8885487583465892
5,-1.1655084214371527,0.6460571787138214,1.0320042989405955
6,-1.2802324691992908,0.6305169192481799,1.1019431507000943
1,-1.6428936777028866,1.1273266391035577,1.4494018018522183
2,-1.8056568450492705,1.1277110762821394,1.3043343230201572
3,-1.9761455567868325,1.2999585307770751,1.7104333918214247
4,-2.2148167131363152,1.2613046449696412,1.8022019927775543
5,-2.4048953303399685,0.9880557559808962,1.6407937202675398
6,-2.5296075902997472,1.191217025970417,1.8623972866291467
1,-0.7071395474031306,1.7042627936243644,0.597626356797262
2,-0.8217161741495147,2.2407036696349643,0.8269720865137025
3,-0.7906193863864246,2.1868864286152565,0.7812610668806919
4,-0.816962858536499,2.1806279144802865,0.7626050971885014
5,-0.7022719154383594,2.4642445369972705,0.9767404343801758
6,-1.0413126721987283,2.510599717061268,1.4090446653935942
1,-1.6427618746001826,0.2897130669261973,1.3284768675366654
2,-1.8055652359480518,0.3310491855627333,1.243537378439214
3,-1.9760291445863913,0.3020679502551484,1.1573817620192113
4,-2.2144568120365875,0.4782471243888739,1.4806426694158308
5,-2.405628815738055,0.4806789696704054,1.5825316301779804
6,-2.5294743341992216,0.4393608433201734,1.7528109892045904
1,-0.707123454702014,1.7043513684948266,0.5975765070252237
2,-0.8216779164476975,2.240685726919759,0.827224708817079
3,-0.7909063750857968,2.187030947021416,0.7818045949643455
4,-0.817063458436678,2.1806659695139388,0.7630147018498974
5,-0.7014305904385765,2.4634650490334096,0.973769636835648
6,-1.0417432209987965,2.511022403261435,1.4108886081048553
1,-1.6431178271031968,0.8751032093750839,1.5751950360172489
2,-1.8055099126477216,0.8782324579369741,1.4251118101965403
3,-1.9760207722874839,1.1515436438457989,1.97866235193942
4,-2.214515682435376,1.2615639553660012,2.187898810527259
5,-2.4049554308376173,1.393659872755963,2.379324493642345
6,-2.529381027198724,1.3099675059056608,2.475538261835027
1,-0.7072421414031851,1.704384028329514,0.5978541200020118
2,-0.8222364273506173,2.2417955804267,0.8293215091798665
3,-0.7907520373855732,2.186877540760179,0.7808875972332316
4,-0.8171660996358696,2.180665347266764,0.7629289639589807
5,-0.701618967837021,2.4643618987720473,0.9741008405544632
6,-1.0419713138007864,2.5112993717775822,1.4113387396173636
1,-0.947610700100995,1.3762324550043612,1.8150971725517648
2,-0.8041508502474244,0.4188163684536945,0.4895235053643361
3,-0.8698205254850109,0.321454204062251,0.464168616610481
4,-1.0377105270363245,0.2980884106982566,0.6402260259528711
5,-1.1653867422401163,0.6455625904090994,1.0318051429821935
6,-1.280247209299887,0.6336167662303254,1.1051325175358857
1,-1.6429080830002931,1.1670611305853529,1.4891200350284637
2,-1.805599523148885,1.1270522047925633,1.3035579261522807
3,-1.976026072287823,1.299287885442027,1.7095751692577323
4,-2.2147443696358096,0.9707568467427616,1.524907011830538
5,-2.3536074285375435,0.8376521178862832,1.4556219754878486
6,-2.529660301698641,1.750226226675771,2.421353136706351
1,-0.7071393377027562,1.7037362845112494,0.5970735603332269
2,-0.8223444913501226,2.2417814495784096,0.8292525077486044
3,-0.7907885078866457,2.1869411318912206,0.7813911756384222
4,-0.8167428435353941,2.180661873586363,0.7626326951358386
5,-0.7020368672392578,2.4640310210634055,0.976324191000444
6,-1.042021028400086,2.5114881962108484,1.4118217749419273
1,-0.9471865940013231,1.0936692633404164,1.1913558362102776
2,-0.8041109675477855,0.4171113672911719,0.4875491950207919
3,-0.8697341550878264,0.3235528524001485,0.4666254738058843
4,-1.0375575033376663,1.547018318258779,1.8894858647763613
5,-1.1657174250403841,0.6461212137001127,1.0325174703393856
6,-1.280232362399147,0.6328631986691065,1.1042344903436927
1,-1.643078705203152,1.1684038037783464,1.4906540943411526
2,-1.8055185851490023,1.128195381104887,1.3047024067527664
3,-1.9762462301850974,1.3004804845913895,1.7109194421063876
4,-2.2148398693370837,1.261170330839378,1.802126728289296
5,-2.4049386204396797,0.9911855846694384,1.6437803703447575
6,-2.529373171998486,0.8955514279771624,1.7153893219986376
1,-0.7070495490024769,1.7044616368366388,0.5976220583288505
2,-0.8223196678491149,2.2420090613013635,0.8295270146263682
3,-0.7908409497877074,2.187258667148857,0.7818788828262804
4,-0.8167451432364032,2.1757076370122412,0.7575154347141542
5,-0.7021265487392157,2.4640012387608152,0.9758322187626476
6,-1.042068504601957,2.5113799014070395,1.411827064661324
1,-0.9476526580019708,1.093163734080008,1.1910855298156091
2,-0.8041550088501026,0.4200015670437073,0.4907393667678638
3,-0.8697997346871489,0.3214526753736144,0.4642014394566949
4,-1.0377349986356421,1.545677935224374,1.8881450852968535
5,-1.1654862998375393,0.6455164933431696,1.0318743494463014
6,-1.2800753870988046,0.6374048211629244,1.1085386802197874
1,-1.6428644165007427,1.1685423483177153,1.4907730264094432
2,-1.8053530360493824,1.1284092234345735,1.3047550292903909
3,-1.9758843632853313,1.300696426333161,1.7109753566401196
4,-2.214189124037148,1.260050083961687,1.8007596983297844
5,-2.4047180536372252,0.9909839716128772,1.6433369693586428
6,-2.530063642400819,1.1870109270428486,1.858533986306412
1,-0.7072542762998637,1.7035463481952329,0.5975961720869245
2,-0.8220240949494837,2.24128480000582,0.828349648487352
3,-0.7908644771860054,2.1871964331439777,0.7818675590497115
4,-0.8160641581362142,2.1792982129918492,0.7601440126418275
5,-0.702122562736804,2.46400523851117,0.9753545439489316
6,-1.0422862870991594,2.5114398717123407,1.411478561873068
1,-0.9475571664024756,1.376497578301496,1.8153114073429608
2,-0.804388943347476,0.4200068070030257,0.4908871730957772
3,-0.8697852725863413,0.3217495714343028,0.4644470202001327
4,-1.0377893077366025,0.3007545350046694,0.6434089169779309
5,-1.1655597381368352,0.6457493389098126,1.0319819756077813
6,-1.2801929372990344,0.6374027251765852,1.1087008242318603
1,-1.6429046942012064,1.1670052834997482,1.4890942424826794
2,-1.8054569596506553,1.1269173064647484,1.3031792400688582
3,-1.9759760835850102,1.2992434095176577,1.7094708070144409
4,-2.214937439037385,1.261055030103308,1.8021032302422109
5,-2.354207783738275,0.8382601572796835,1.4563284809831665
6,-2.529407892700874,1.7574108338985468,2.4284559961442653
1,-0.7072575204019813,1.7024378614951263,0.5965387143951366
2,-0.8217781309476777,2.2407815738879453,0.8272383253424795
3,-0.7905162977849614,2.1863007593565307,0.7803589899631369
4,-0.8169294894341874,2.1796028575299644,0.762122615782566
5,-0.7021608165387079,2.463645799918602,0.976016611843086
6,-1.0421161636013494,2.511049988686864,1.4113624385317962
3,-0.8699322071852293,0.311306627238082,0.454384557200683
4,-1.0374565557376627,0.2474453812246793,0.5897160975582665
5,-1.1656117471402467,0.2982735588630021,0.6841026687834528
6,-1.2799440606986536,0.321250435634283,0.792388774869323
1,-1.6429024499029765,0.2372133201351969,0.838561144799314
2,-1.805706469350298,0.3294284868461545,1.0696599765760766
3,-1.9760458096870934,0.3464706051163371,1.013460844649671
4,-2.2147243659364904,0.2455887714422716,1.0565929709082411
5,-2.4049947018402236,0.190231674543611,1.1225145957650966
6,-2.530014534499969,0.1511255276564042,1.2571091718491516
1,-0.9476212919016689,0.9425710743053056,0.143908588433987
2,-0.8040628949502207,1.3835193226041165,0.14326654501565
3,-0.8696801671876528,1.3554048693513323,0.1656729483984236
4,-1.0374350962356402,1.3973887322337082,0.2675425362778019
5,-1.1649278423401483,1.246703986016655,0.1752514339896151
6,-1.280173409301824,1.0612569440891093,0.0722344452551624
1,-1.6429823965027026,1.1681780549806713,1.4904886005388105
2,-1.8055525324498376,1.1278964591547274,1.30454146163902
3,-1.9760865703874515,1.300190637306514,1.7106573755954742
4,-2.214402195835646,1.2604580656552589,1.8012041375805
5,-2.405072239337642,0.9908087945405,1.6435823110259675
6,-2.5294412851990273,1.1887127272402722,1.8599333565816776
1,-0.7071106488019723,1.704050264906983,0.5972633682868045
2,-0.8218790760483898,2.2412926630095207,0.8281624868068356
3,-0.7908284928862486,2.187027586409382,0.7816226328686717
4,-0.8167749793374242,2.1755865885097556,0.7573128622643672
5,-0.7013496471381586,2.4640534202007984,0.9734772252450056
6,-1.0412455195009898,2.510557600107859,1.4091304065150323
1,-0.9475674121003976,1.0934931351548594,1.1914774070392022
2,-0.8040464966479703,0.4201478167685092,0.490917045882885
3,-0.8697767664862113,0.3230867370711885,0.4662554081205408
4,-1.0376679132368736,0.3018439179068082,0.6442075856975862
5,-1.1655789031401582,0.6460563482287363,1.0322206811142642
6,-1.2802295256014986,0.6341999027204608,1.105670006963514
1,-1.6430494788019132,0.237088372985454,0.8387183773702418
2,-1.805658674847109,0.3292619308049325,1.0694714461606054
3,-1.9764090180879066,0.3463989696465435,1.0135027898286355
4,-2.214472316836691,0.2457062915782446,1.0563927186085496
5,-2.405047458437366,0.1901805029519894,1.122244318456069
6,-2.5295180326984337,0.1514433932570682,1.256930513020052
1,-0.9477190320012596,0.9423170831360044,0.1437584029372378
2,-0.8041963640471295,1.3834996088044145,0.14318825629016
3,-0.8699559990864145,1.3553318544873036,0.1658582155796466
4,-1.0375468101356091,1.3985619428531209,0.2688995368225733
5,-1.1656923988384733,1.2460956148643163,0.1754258010369085
6,-1.280137561499032,1.0613416894047978,0.0722156965639433
1,-1.6430004802004987,0.2373096813062147,0.8386825529851194
2,-1.8055709555492285,0.3294993274466833,1.0696833357505966
3,-1.975912690887526,0.3462370185188774,1.013150971128198
4,-2.2148229556351,0.2455687722758741,1.056583616114949
5,-2.4051309037395185,0.1902072067277915,1.122321837665368
6,-2.5296928836005463,0.1515391504399303,1.2570757623398094
1,-0.9474974336026207,0.9425307875644648,0.1438364514287968
2,-0.8038275714507108,1.383550837217626,0.1429121091132397
3,-0.8696797221864472,1.3552802469930612,0.1656045180025103
4,-1.0373787903354241,1.4003357915196997,0.2706697963174687
5,-1.165688040437999,1.2462899504753278,0.1755563661026808
6,-1.2801086762019622,1.0613667703837564,0.0721770171039679
1,-1.6428823753030883,1.167093412630493,1.4892582803950063
2,-1.8056425251497785,1.12686462575948,1.3033977628256244
3,-1.9764593943882574,1.2999230452805932,1.710248125717044
4,-2.2149093654352328,1.26116223039935,1.8021485060489797
5,-2.405619075238974,1.5007264617997853,2.1540397422249944
6,-2.5295465850986147,1.7531719002289563,2.424178661738445
1,-0.7069044940017193,1.7031486138766931,0.596132911639871
2,-0.8219762466478642,2.2412721002692724,0.8280990481653152
3,-0.790825795685123,2.187317757136043,0.7818763086397666
4,-0.8169142570350232,2.1802842771612667,0.7621196315085434
5,-0.7019694550372151,2.463725367208106,0.9759580269055804
6,-1.0419805651990828,2.511500277541927,1.4115266858934774
1,-0.947529814000518,1.375675077073538,1.814906422077911
2,-0.8040338315486224,0.425943522423066,0.4969321178614596
3,-0.8698938328861914,0.3255140647347481,0.46872012170978
4,-1.0379091451377462,1.5463875133173115,1.8893104727903829
5,-1.1657665245375028,0.6461213975089777,1.0327167551076857
6,-1.280441832798715,0.6404058180548375,1.1124362518264164
1,-1.6428751455005113,1.1263710776656817,1.4484555157614531
2,-1.8056470810488463,1.1273462431490744,1.3033904351941574
3,-1.9764032435859917,1.299616499771218,1.7101005684853583
4,-2.214736225136221,1.2607244176215326,1.8015581408690204
5,-2.4055566455399457,1.5008018297157832,2.1539994428821956
6,-2.530074803599746,1.7472594995934898,2.418642179666783
1,-0.706998969302731,1.7036789428784704,0.5969230586488283
2,-0.8218555657485922,2.240964833996257,0.827534586987893
3,-0.7908006511870553,2.187049740809023,0.7814882871716762
4,-0.8169894166367158,2.1807126872263325,0.7630519768135855
5,-0.7027256269402642,2.466155786241856,0.9800914980987584
6,-1.0420915160984805,2.511692721120241,1.4124322721509517
1,-0.9475446812011796,1.0937127697216082,1.1917045930895285
0,-1.0489991839258437,0.6157225288116033,0.1855212146110725
0,-1.4793043747249612,1.1724078433362584,1.602391565196739
0,-0.6620781681249355,1.7049269369708764,0.8889410421361372
0,-1.0495258675236983,1.1143993381701858,1.502219288649938
0,-1.4793049394229456,1.170711159698839,1.6007662554293345
0,-0.6617252056257712,1.7040429403386943,0.8878614142122379
0,-1.4795413928241032,1.1709911655634646,1.601127551239188
0,-0.6620562643238372,1.7044409198861097,0.8884100881405166
0,-1.4793225444245763,1.1720753266999946,1.6020091584650782
0,-0.6616740130248218,1.7037838638570983,0.8874363179711517
0,-1.4790513585230656,1.1727255754813082,1.6024906681304851
0,-0.6618155728228885,1.7044379516373738,0.8887452466442483
0,-1.4793259647249215,0.1856374387207324,0.6152355167723726
0,-1.04980719152627,0.6152011121230334,0.1856894764459884
0,-1.479295954324698,1.1724031913763595,1.602363092526501
0,-0.6617014452258445,1.703844100706192,0.8878157273829856
0,-1.4794729081240803,0.8875708369268969,1.705982061521353
0,-0.6618447178243514,1.7043691157414278,0.8876622604511786
0,-1.0499547380259173,1.1139463703038943,1.502407841162496
0,-1.4791912367236364,1.1725537604106648,1.6025043038644071
0,-0.661763362624697,1.7035311362160437,0.8873293595861478
0,-1.479584278224138,0.8870156179873452,1.705326012684964
0,-0.6618571073249768,1.703899406682468,0.8879972018476119
0,-1.4794227173242689,1.1705828169069714,1.60057181904267
0,-0.6615319812244707,1.7039664669136982,0.8872250568128948
0,-1.049839030025396,1.114461392007799,1.5030368644838763
0,-1.4793810953251523,1.1721540278376783,1.6021778983813424
0,-0.6615811174251576,1.7033856162015573,0.8869991206229306
0,-1.4793925967260293,1.1724162706486825,1.602346364434197
0,-0.6620306279237411,1.7050677779225234,0.8896483856151471
0,-1.4793582114234596,1.1723674735767426,1.6024127466007494
0,-0.6620263928252825,1.7047823056091147,0.8888482865149854
0,-1.049749013824112,1.1141529913693375,1.5023865057955843
0,-1.4793698538251192,1.1707443640261777,1.6007139007851952
0,-1.0495937136238354,0.6152610934186651,0.1856826525654451
0,-1.4790288863241585,1.1699466979371214,1.599843027488533
0,-0.6621262635253515,1.7048817034738022,0.8890016685909359
0,-1.4794688032252452,0.3894310916984969,1.2079534936674454
0,-0.661635060025219,1.704387198569746,0.8878956744701991
0,-1.0498645182251494,1.113854870356592,1.5024171330223923
0,-1.4790316596245248,1.1724225404577728,1.6024722470865518
0,-1.0493706978249975,0.6152913310470467,0.1856160098504915
0,-1.479616830123632,0.1855080492678098,0.6155575835800846
0,-0.6621320611247938,1.705242373001962,0.8892101014462206
0,-1.0499020977240434,1.1135196021205065,1.5019906212619407
0,-1.4796609632230684,0.1855340525071369,0.6154465520594385
0,-1.0498278213253798,0.615178411535453,0.1857417265091498
0,-1.4793998045261105,1.170812608521374,1.600779807395157
0,-0.6620546514259331,1.7044624221161948,0.8883563697017971
0,-1.4790312583263585,1.1699291116856343,1.5997054214822142
0,-0.6621484668230551,1.7048066962815955,0.889146635217914
0,-1.4794255259239435,1.1721930663225075,1.602174148956693
0,-1.049868519525262,0.6151024018254239,0.185855971161799
0,-1.4791736731258425,1.1726236386639357,1.6025309957221907
0,-0.662180592526056,1.7049525668408014,0.8893311148494822
0,-1.4795667949238123,0.88714969823923,1.7053182372474138
0,-0.6620389001236617,1.70489110513154,0.889354291681232
0,-1.049755481622924,1.114173907095395,1.5023229896178272
0,-1.479527525125377,1.1718374375923295,1.602058279924676
0,-0.6621161280254455,1.7053175957044004,0.889293659980467
0,-1.4793900381246203,0.3897378729525371,1.2078320782165974
0,-0.6621245401238411,1.7051468535537424,0.8893421140310238
0,-1.4795625967253727,0.8869743987270322,1.7052038600559154
0,-0.6620923932259757,1.705131438095119,0.8896099634366657
0,-1.049814092924862,1.1137674950477976,1.501896215475428
0,-1.4793793057233415,1.1704672640953508,1.600514612786356
0,-0.661878899723888,1.7044220085190345,0.8885783504447344
0,-1.0493779146254383,1.1142593335061992,1.50217460987915
0,-1.4793880531233299,1.1725235968988272,1.6026449593591678
0,-0.6620779535242036,1.7050345277348251,0.8892009098199205
0,-1.049850116525704,1.1136174148887203,1.5018031038707689
0,-1.4789577294232004,1.1728760796868296,1.602691070427681
0,-0.6619499267235369,1.7046751257876194,0.8883549287529631
0,-1.0499704298254073,1.1142695131420606,1.5024637630085618
0,-1.4791613879260694,1.170230944026116,1.6000719122639566
0,-0.6619887662254769,1.7041648264385012,0.888189011155192
0,-1.4796111982232105,0.1854686106125883,0.6155388493352804
0,-1.049875909126058,0.6150471411710905,0.1856197685156084
0,-1.479438730124457,1.172068393574591,1.6021915985438682
0,-0.6619737444252678,1.7047143068739423,0.8889252034023265
0,-1.0498454977259826,1.1140168027886794,1.5022143169117008
0,-1.4794466341245425,0.1854292931820963,0.6151014798524556
0,-1.0498764704261703,0.6150830394180948,0.1857070611840745
0,-1.479764466324923,0.1854684073914543,0.615372280146403
0,-1.0497296728262882,0.6153496013175737,0.1857838526084361
0,-1.4794314142254734,1.170535139484854,1.6005785584238756
0,-0.6615318777239736,1.7041170023658188,0.8874101731489636
0,-1.0497221498244471,1.1135535237881378,1.502094151644993
0,-1.4793693904230167,1.1705971065821363,1.6005163421650654
0,-0.6617999680256617,1.704330761840537,0.8883791121334061
0,-1.0498902118251863,1.114315342852931,1.5027237345420854
0,-1.0490079825231078,0.615737201191223,0.1854495754632807
0,-1.4792344813231466,1.17034100341698,1.6002358108453345
0,-1.0497441684256046,0.6149821352519202,0.185568270051589
0,-1.4789665014232014,1.1699027117247165,1.59975056786061
0,-0.662182431524343,1.7048776599622206,0.8894442045639144
0,-1.4793555198248214,0.3893330271785085,1.2076674525924314
0,-0.6621227648229251,1.7048238825918816,0.8890558067068923
0,-1.4796662701246532,0.8886390889747426,1.7067907276541527
0,-1.049714219125235,0.6153676490648641,0.1858163151919134
0,-1.479319007425147,1.172101262469369,1.602131690444367
0,-0.6620806228256697,1.7050396591366723,0.8894117783929678
0,-1.0497360783247132,1.1138343188358704,1.5019180472954758
0,-1.4789358250254736,1.172596256157703,1.6025636478625525
0,-0.6617513150249579,1.704392527910385,0.8889015806926173
0,-1.4794489002251794,0.8883656296129638,1.7062966814410183
0,-0.6617565618234948,1.7048840968709582,0.8885946530172104
0,-1.4791656671241071,0.3901224497712969,1.208115821886167
0,-0.6617309283228678,1.704212303069652,0.8879754596819103
0,-1.049824168525447,1.113746496830574,1.502227093624244
0,-1.479619300325794,0.185379680555343,0.6151543181040325
0,-1.0497869252230885,0.6151250204275129,0.1857641327405872
0,-1.4793289473254845,1.1703892506739062,1.6003888761952108
0,-0.6620956863243919,1.705410841557752,0.8900100950268115
0,-1.4794529294249514,0.8874761838851555,1.705314818504121
0,-0.6621864568242017,1.705009587272798,0.8893377789645456
0,-1.4795596033236507,0.8868337794992858,1.704918162886317
0,-1.0497806994262646,0.6153457622058323,0.1859669922996527
0,-1.4790472104232322,1.1726284994474558,1.6026982146904634
0,-0.6620398648246919,1.7049266827380078,0.8891788553773976
0,-1.0498182847240969,1.1143886676363763,1.5024741653214733
0,-1.479528016925542,1.1722217942951825,1.6024158439831804
0,-0.6622330036243511,1.7051414657835275,0.8897131303056094
0,-1.4795892053243733,0.8874239278266041,1.7054830040360691
0,-0.661703290325022,1.703809704253218,0.8877914503646034
0,-1.4792361190247902,1.1703489429528413,1.6002002180903214
0,-0.6620861824249005,1.7046268448757482,0.8887824053745144
0,-1.4794269319263549,0.8882695375068592,1.7064083277509794
0,-0.6619014276238886,1.704492278251565,0.8885567306133462
0,-1.0499115418260772,1.1141590899314924,1.5025872312580777
0,-1.4793444477236335,1.1724587660864922,1.6024962350275014
0,-0.6620975812238612,1.705391663133919,0.8894342961102621
0,-1.479513952124762,0.8869761868554633,1.7052750588009076
0,-0.6620625981249759,1.7049414280918462,0.888706129037022
0,-1.479558607623403,0.8867734864506929,1.704954381857533
0,-0.6618354594229459,1.704423465260331,0.8885371842588912
0,-1.4794435801250074,0.8879363050436941,1.7060802364794645
0,-0.6615634291247261,1.7042269712328544,0.8875772732462774
0,-1.0499156365240196,1.1138114724490134,1.502302698991114
0,-1.4791334547244332,1.1703141918696929,1.6001773101452272
0,-0.661983404223065,1.704711003614649,0.8887915449995498
0,-1.47955735022515,0.1856413377645368,0.6154957901817398
0,-0.662048319425594,1.7045925735146756,0.8887593929539452
0,-1.4794981770228333,0.8882475552745746,1.7064425401949848
0,-0.661964237324355,1.7044102064683084,0.8885520473777415
0,-1.479396894124875,1.1721956364599468,1.602290617582185
0,-1.0498627008255426,0.6151918075920548,0.1857561131910188
0,-1.479575824125277,0.1855651646546904,0.6154573749117845
0,-0.661685475422928,1.703743290032434,0.8874362333008312
0,-1.4795557365232526,0.887308029225097,1.705648724357162
0,-1.049449589825599,0.6155397453512705,0.1855807241809088
0,-1.479250640322789,1.1705787885584875,1.6004013182136996
0,-0.6617987365261797,1.7045593605034783,0.8881971694863724
0,-1.0498621997230657,1.1144424278718326,1.5027663724358682
0,-1.4792891400229564,1.172478382264671,1.6024550149450074
0,-0.6617231257241656,1.703547248554968,0.887352820383966
0,-1.4792623504235962,0.3903641762408369,1.208691952353547
0,-0.6617383962238819,1.70358755831694,0.8872790438545053
0,-1.4794002385260683,1.1707693459939028,1.6007926107813537
0,-0.6615251914245164,1.704079183931757,0.8872504209502985
0,-1.0497758102228545,1.113544210482358,1.5021722294004558
